{
  "category_priority": [
    "investment",
    "health",
    "twelve_growth",
    "ten_gods",
    "five_elements",
    "ganji",
    "general",
    "rag_source"
  ],
  "keywords": {
    "investment": [
      "투자",
      "금융",
      "종목",
      "매매",
      "차트",
      "리스크"
    ],
    "health": [
      "황제내경",
      "장부",
      "경락",
      "건강",
      "식이",
      "처방",
      "치료"
    ],
    "twelve_growth": [
      "십이운성",
      "장생",
      "목욕",
      "관대",
      "건록",
      "제왕",
      "쇠",
      "병",
      "사",
      "묘",
      "절",
      "태",
      "양"
    ],
    "ten_gods": [
      "십성",
      "십신",
      "비견",
      "겁재",
      "식신",
      "상관",
      "편재",
      "정재",
      "편관",
      "정관",
      "편인",
      "정인"
    ],
    "five_elements": [
      "오행",
      "목(",
      "화(",
      "토(",
      "금(",
      "수(",
      "목(木)",
      "화(火)",
      "토(土)",
      "금(金)",
      "수(水)"
    ],
    "ganji": [
      "천간",
      "지지",
      "60갑자",
      "육십갑자",
      "일주",
      "간지"
    ]
  },
  "txt_doc_markers": [
    "^===== BEGIN .* =====$",
    "^BEGIN FILE: .*"
  ],
  "txt_heading_patterns": [
    "^#{1,6}\\s+",
    "^(I|II|III|IV|V|VI|VII|VIII|IX|X)\\.\\s+",
    "^\\d+(\\.\\d+)*\\.\\s+"
  ],
  "chunk_target_chars": [
    800,
    1200
  ],
  "logic_key_hash_len": 16
}